CallingCards_ToolsOfTheTradeCPWidget,uie_t7_callingcard_toolsofthetrade_backwave
CallingCards_ToolsOfTheTradeCPWidget,uie_t7_callingcard_toolsofthetrade_bg
CallingCards_ToolsOfTheTradeCPWidget,uie_t7_callingcard_toolsofthetrade_frontwave
CallingCards_ToolsOfTheTradeCPWidget,uie_t7_callingcard_toolsofthetrade_largeship
CallingCards_ToolsOfTheTradeCPWidget,uie_t7_callingcard_toolsofthetrade_medship
CallingCards_ToolsOfTheTradeCPWidget,uie_t7_callingcard_toolsofthetrade_midwave
CallingCards_ToolsOfTheTradeCPWidget,uie_t7_callingcard_toolsofthetrade_smallship
CallingCards_CareerCPWidget,uie_t7_callingcard_careercp_bg
CallingCards_CareerCPWidget,uie_t7_callingcard_careercp_clouds
CallingCards_CareerCPWidget,uie_t7_callingcard_careercp_clouds2
CallingCards_CareerCPWidget,uie_t7_callingcard_careercp_clouds3
CallingCards_CareerCPWidget,uie_t7_callingcard_careercp_leafs
CallingCards_CareerCPWidget,uie_t7_callingcard_careercp_sword
CallingCards_CareerCPWidget,uie_t7_callingcard_careercp_swordtail
CallingCards_MissionCPWidget,uie_t7_callingcards_missionscp_flipbook
CallingCards_ZMHunterWidget,uie_t7_callingcard_zmhunder_bg
CallingCards_ZMHunterWidget,uie_t7_callingcard_zmhunder_bg2
CallingCards_ZMHunterWidget,uie_t7_callingcard_zmhunder_man
CallingCards_ZMHunterWidget,uie_t7_callingcard_zmhunder_man2
CallingCards_SurvivalistWidget,uie_t7_callingcard_survivalist_bg
CallingCards_SurvivalistWidget,uie_t7_callingcard_survivalist_car
CallingCards_SurvivalistWidget,uie_t7_callingcard_survivalist_cloud1
CallingCards_SurvivalistWidget,uie_t7_callingcard_survivalist_cloud2
CallingCards_SurvivalistWidget,uie_t7_callingcard_survivalist_cloud4
CallingCards_SurvivalistWidget,uie_t7_callingcard_survivalist_man
CallingCards_SurvivalistWidget,uie_t7_callingcard_survivalist_mountain_flipbook
CallingCards_GumGobblerZMWidget,uie_t7_callingcards_gungobblerzm_bg
CallingCards_GumGobblerZMWidget,uie_t7_callingcards_gungobblerzm_bg2
CallingCards_GumGobblerZMWidget,uie_t7_callingcards_gungobblerzm_wind
CallingCards_SpecialistWeaponsWidget,uie_t7_callingcards_specilistweapons_firebreak
CallingCards_SpecialistWeaponsWidget,uie_t7_callingcards_specilistweapons_spectre
CallingCards_BootcampWidget,uie_t7_callingcard_8bitpixel_bg
CallingCards_BootcampWidget,uie_t7_callingcard_8bitpixel_biker
CallingCards_BootcampWidget,uie_t7_callingcard_8bitpixel_flagramp
CallingCards_BootcampWidget,uie_t7_callingcard_8bitpixel_ramp
CallingCards_BootcampWidget,uie_t7_callingcard_8bitpixel_smoke
CallingCards_GamemodesWidget,uie_t7_callingcard_gamemodes_bg
CallingCards_GamemodesWidget,uie_t7_callingcard_gamemodes_man
CallingCards_GamemodesWidget,uie_t7_callingcard_gamemodes_manbeard
CallingCards_GamemodesWidget,uie_t7_callingcard_gamemodes_ribbon1
CallingCards_GamemodesWidget,uie_t7_callingcard_gamemodes_ribbon2
CallingCards_GamemodesWidget,uie_t7_callingcard_gamemodes_ribbon3
CallingCards_GamemodesWidget,uie_t7_callingcard_gamemodes_ribbon4
CallingCards_GamemodesWidget,uie_t7_callingcard_mp_career_medieval_clouds
CallingCards_MedievalWidget,uie_t7_callingcard_mp_career_medieval_bg
CallingCards_MedievalWidget,uie_t7_callingcard_mp_career_medieval_cape
CallingCards_MedievalWidget,uie_t7_callingcard_mp_career_medieval_cape2
CallingCards_MedievalWidget,uie_t7_callingcard_mp_career_medieval_cape3
CallingCards_MedievalWidget,uie_t7_callingcard_mp_career_medieval_cape4
CallingCards_MedievalWidget,uie_t7_callingcard_mp_career_medieval_cape5
CallingCards_MedievalWidget,uie_t7_callingcard_mp_career_medieval_clouds
CallingCards_MedievalWidget,uie_t7_callingcard_mp_career_medieval_flag
CallingCards_MedievalWidget,uie_t7_callingcard_mp_career_medieval_hat
CallingCards_MedievalWidget,uie_t7_callingcard_mp_career_medieval_knight
CallingCards_MedievalWidget,uie_t7_callingcard_mp_career_medieval_sword
CallingCards_KillerWidget,uie_t7_callingcard_killer_ash1
CallingCards_KillerWidget,uie_t7_callingcard_killer_ash2
CallingCards_KillerWidget,uie_t7_callingcard_killer_bg
CallingCards_KillerWidget,uie_t7_callingcard_killer_cloud2
CallingCards_KillerWidget,uie_t7_callingcard_killer_creeper
CallingCards_KillerWidget,uie_t7_callingcard_killer_creepereyes
CallingCards_HumiliationWidget,uie_t7_callingcard_humiliation_bg
CallingCards_HumiliationWidget,uie_t7_callingcard_humiliation_flame1
CallingCards_HumiliationWidget,uie_t7_callingcard_humiliation_flame2
CallingCards_HumiliationWidget,uie_t7_callingcard_humiliation_flame3
CallingCards_HumiliationWidget,uie_t7_callingcard_humiliation_skull
CallingCards_100Percent,uie_t7_callingcard_100_chip1
CallingCards_100Percent,uie_t7_callingcard_100_chip2
CallingCards_SpecialistAbilitiesWidget,uie_t7_callingcard_mp_streetart_master_flipbook
CallingCards_SpecialistKilljoysWidget,uie_t7_callingcard_specialistkilljoy_bg
CallingCards_SpecialistKilljoysWidget,uie_t7_callingcard_specialistkilljoy_bg_flipbook
CallingCards_SpecialistKilljoysWidget,uie_t7_callingcard_specialistkilljoy_ember
CallingCards_SpecialistKilljoysWidget,uie_t7_callingcard_specialistkilljoy_man
CallingCards_SpecialistKilljoysWidget,uie_t7_callingcard_specialistkilljoy_maneyes
CallingCards_SpecialistKilljoysWidget,uie_t7_callingcard_specialistkilljoy_smoke
CallingCards_SciFiWidget,uie_t7_callingcard_mp_scifi_aliens
CallingCards_SciFiWidget,uie_t7_callingcard_mp_scifi_fog
CallingCards_SciFiWidget,uie_t7_callingcard_mp_scifi_headlights
CallingCards_SciFiWidget,uie_t7_callingcard_mp_scifi_lenseflare
CallingCards_SciFiWidget,uie_t7_callingcard_mp_scifi_lrg
CallingCards_SciFiWidget,uie_t7_callingcard_mp_scifi_man
CallingCards_SciFiWidget,uie_t7_callingcard_mp_scifi_steam
CallingCards_SciFiWidget,uie_t7_callingcard_mp_scifi_ufolights2
CallingCards_SciFiWidget,uie_t7_callingcard_mp_scifi_ufolights3
CallingCards_AirAssaultWidget,uie_t7_callingcard_efficiency_smoke2
CallingCards_AirAssaultWidget,uie_t7_callingcard_efficiency_smoke3
CallingCards_GroundAssaultWidget,uie_t7_callingcards_goundassault_bg2
CallingCards_GroundAssaultWidget,uie_t7_callingcards_goundassault_man
CallingCards_SupportWidget,uie_t7_callingcard_support_bg1
CallingCards_SupportWidget,uie_t7_callingcard_support_bg2
CallingCards_SupportWidget,uie_t7_callingcard_support_bg3
CallingCards_SupportWidget,uie_t7_callingcard_support_eye
CallingCards_SupportWidget,uie_t7_callingcard_support_fly
CallingCards_SupportWidget,uie_t7_callingcard_support_ripple
CallingCards_SupportWidget,uie_t7_callingcard_support_tongue
CallingCards_ReturnFireWidget,uie_t7_callingcard_returnfire_bg
CallingCards_ReturnFireWidget,uie_t7_callingcard_returnfire_cat
CallingCards_ReturnFireWidget,uie_t7_callingcard_returnfire_rainbow
CallingCards_ReturnFireWidget,uie_t7_callingcard_returnfire_star
CallingCards_HandlingWidget,uie_t7_callingcard_handling_bg
CallingCards_HandlingWidget,uie_t7_callingcard_handling_bullets
CallingCards_HandlingWidget,uie_t7_callingcard_handling_bulletsblk
CallingCards_HandlingWidget,uie_t7_callingcard_handling_skull
CallingCards_EfficiencyWidget,uie_t7_callingcard_efficiency_bgdark
CallingCards_EfficiencyWidget,uie_t7_callingcard_efficiency_bglight
CallingCards_EfficiencyWidget,uie_t7_callingcard_efficiency_smoke1
CallingCards_EfficiencyWidget,uie_t7_callingcard_efficiency_smoke2
CallingCards_EfficiencyWidget,uie_t7_callingcard_efficiency_smoke3
CallingCards_LethalsWidget,uie_t7_callingcards_tacticals_fire
CallingCards_TacticalsWidget,uie_t7_callingcard_tacticals_flipbook
CallingCards_Perk1Widget,uie_t7_callingcard_killer_creepereyes
CallingCards_Perk1Widget,uie_t7_callingcard_perk1_black
CallingCards_Perk1Widget,uie_t7_callingcard_perk1_flame_flipbook
CallingCards_Perk1Widget,uie_t7_callingcard_perk1_flameleft
CallingCards_Perk1Widget,uie_t7_callingcard_perk1_flameright
CallingCards_Perk1Widget,uie_t7_callingcard_perk1_hand
CallingCards_Perk1Widget,uie_t7_callingcard_perk1_man
CallingCards_Perk2Widget,uie_t7_callingcard_perk2_bg
CallingCards_Perk2Widget,uie_t7_callingcard_perk2_boat
CallingCards_Perk2Widget,uie_t7_callingcard_perk2_octopus
CallingCards_Perk2Widget,uie_t7_callingcard_perk2_octopus2
CallingCards_Perk2Widget,uie_t7_callingcard_perk2_octopus3
CallingCards_Perk2Widget,uie_t7_callingcard_perk2_sails
CallingCards_Perk2Widget,uie_t7_callingcard_perk2_splash
CallingCards_Perk3Widget,uie_t7_callingcard_perk3_bg
CallingCards_Perk3Widget,uie_t7_callingcard_perk3_bolt_flipbook
CallingCards_Loot_CartoonTankWidget,uie_t7_callingcard_cartoontank_bg1
CallingCards_Loot_CartoonTankWidget,uie_t7_callingcard_cartoontank_bg2
CallingCards_Loot_CartoonTankWidget,uie_t7_callingcard_cartoontank_bg3
CallingCards_Loot_CartoonTankWidget,uie_t7_callingcard_goldframe
CallingCards_Loot_GrandPrixWidget,uie_t7_callingcard_grandprix_bg
CallingCards_Loot_GrandPrixWidget,uie_t7_callingcard_grandprix_cars1
CallingCards_Loot_GrandPrixWidget,uie_t7_callingcard_grandprix_cars2
CallingCards_Loot_GrandPrixWidget,uie_t7_callingcard_grandprix_cars3
CallingCards_Loot_Haunted,uie_t7_callingcard_goldframe
CallingCards_Loot_Haunted,uie_t7_callingcard_haunted_bg
CallingCards_Loot_Haunted,uie_t7_callingcard_haunted_eyesglow
CallingCards_Loot_Haunted,uie_t7_callingcard_haunted_fire1
CallingCards_Loot_Haunted,uie_t7_callingcard_haunted_fire2
CallingCards_Loot_Haunted,uie_t7_callingcard_haunted_fire3
CallingCards_Loot_Haunted,uie_t7_callingcard_haunted_fire4
CallingCards_Loot_Haunted,uie_t7_callingcard_haunted_fire5
CallingCards_Loot_LegendaryAnimals,uie_t7_callingcard_legendaryanimals_bg
CallingCards_Loot_LegendaryAnimals,uie_t7_callingcard_legendaryanimals_dragon
CallingCards_Loot_LegendaryAnimals,uie_t7_callingcard_legendaryanimals_ember
CallingCards_Loot_LegendaryAnimals,uie_t7_callingcard_legendaryanimals_ember2
CallingCards_Loot_LegendaryAnimals,uie_t7_callingcard_legendaryanimals_smoke_01
CallingCards_Loot_LegendaryAnimals,uie_t7_callingcard_mp_career_medieval_clouds
CallingCards_Loot_LuchaLibre,uie_t7_callingcard_goldframe
CallingCards_Loot_LuchaLibre,uie_t7_callingcard_luchalibre_bg1
CallingCards_Loot_LuchaLibre,uie_t7_callingcard_luchalibre_bg2
CallingCards_Loot_LuchaLibre,uie_t7_callingcard_luchalibre_scarfflipbook
CallingCards_Loot_RetroRobot,uie_t7_callingcard_retrorobot_bg
CallingCards_Loot_RetroRobot,uie_t7_callingcard_retrorobot_bg2
CallingCards_Loot_TwistedCircus,uie_t7_callingcard_twistedcircus_bg1
CallingCards_Loot_TwistedCircus,uie_t7_callingcard_twistedcircus_bg2
CallingCards_Loot_TwistedCircus,uie_t7_callingcard_twistedcircus_bg3
CallingCards_Loot_UrbanLegend,uie_t7_callingcard_urbanlegend_beast
CallingCards_Loot_UrbanLegend,uie_t7_callingcard_urbanlegend_bg
CallingCards_Loot_UrbanLegend,uie_t7_callingcard_urbanlegend_dude
CallingCards_Loot_UrbanLegend,uie_t7_callingcard_urbanlegend_snow1
CallingCards_Loot_UrbanLegend,uie_t7_callingcard_urbanlegend_snow2
CallingCards_Loot_UrbanLegend,uie_t7_callingcard_urbanlegend_snow3
CallingCards_Loot_UrbanLegend,uie_t7_callingcard_urbanlegend_snow4
CallingCards_Loot_WomanInAction,uie_t7_callingcard_womaninaction_bg1
CallingCards_Loot_WomanInAction,uie_t7_callingcard_womaninaction_bg2
CallingCards_Loot_EpicSpaceBattle,uie_t7_callingcard_goldframe
CallingCards_Loot_EpicSpaceBattle,uie_t7_loot_callingcard_epicspacebattle_master_bg
CallingCards_Loot_EpicSpaceBattle,uie_t7_loot_callingcard_epicspacebattle_master_bg2
CallingCards_Loot_EpicSpaceBattle,uie_t7_loot_callingcard_epicspacebattle_master_bg3
CallingCards_Loot_EpicSpaceBattle,uie_t7_loot_callingcard_epicspacebattle_master_bullets
CallingCards_Loot_EpicSpaceBattle,uie_t7_loot_callingcard_epicspacebattle_master_explode
CallingCards_Loot_EpicSpaceBattle,uie_t7_loot_callingcard_epicspacebattle_master_rockets
CallingCards_Loot_EpicSpaceBattle,uie_t7_loot_callingcard_epicspacebattle_master_ship1
CallingCards_Loot_EpicSpaceBattle,uie_t7_loot_callingcard_epicspacebattle_master_ship2
CallingCards_loot_bboy,uie_t7_loot_callingcard_bboy_master_bg
CallingCards_loot_bboy,uie_t7_loot_callingcard_bboy_master_bg2
CallingCards_loot_bboy,uie_t7_loot_callingcard_bboy_master_dude1
CallingCards_loot_bboy,uie_t7_loot_callingcard_bboy_master_dude2
CallingCards_loot_bboy,uie_t7_loot_callingcard_bboy_master_speaker
CallingCards_loot_CuteAnimals,uie_t7_callingcard_goldframe
CallingCards_loot_CuteAnimals,uie_t7_loot_callingcard_cutie_animals_master_bg
CallingCards_loot_CuteAnimals,uie_t7_loot_callingcard_cutie_animals_master_chicks
CallingCards_loot_CuteAnimals,uie_t7_loot_callingcard_cutie_animals_master_chicks2
CallingCards_loot_CuteAnimals,uie_t7_loot_callingcard_cutie_animals_master_rays
CallingCards_loot_DeepSea,uie_t7_callingcard_goldframe
CallingCards_loot_DeepSea,uie_t7_loot_callingcard_deepsea_master_bg
CallingCards_loot_DeepSea,uie_t7_loot_callingcard_deepsea_master_fish
CallingCards_loot_DeepSea,uie_t7_loot_callingcard_deepsea_master_flash
CallingCards_loot_DeepSea,uie_t7_loot_callingcard_deepsea_master_light
CallingCards_loot_Dinosaur,uie_t7_loot_callingcard_dinosaurs_master_bg
CallingCards_loot_Dinosaur,uie_t7_loot_callingcard_dinosaurs_master_dino1
CallingCards_loot_Dinosaur,uie_t7_loot_callingcard_dinosaurs_master_dino2
CallingCards_loot_Dinosaur,uie_t7_loot_callingcard_dinosaurs_master_ray1
CallingCards_loot_Dinosaur,uie_t7_loot_callingcard_dinosaurs_master_ray2
CallingCards_loot_FoodFight,uie_t7_loot_callingcard_food_master_bg
CallingCards_loot_FoodFight,uie_t7_loot_callingcard_food_master_pizza1
CallingCards_loot_FoodFight,uie_t7_loot_callingcard_food_master_pizza2
CallingCards_loot_FoodFight,uie_t7_loot_callingcard_food_master_pizza3
CallingCards_loot_GirlPower,uie_t7_callingcard_goldframe
CallingCards_loot_GirlPower,uie_t7_loot_callingcard_girlpower_master_bg
CallingCards_loot_GirlPower,uie_t7_loot_callingcard_girlpower_master_fire1
CallingCards_loot_GirlPower,uie_t7_loot_callingcard_girlpower_master_fire2
CallingCards_loot_GirlPower,uie_t7_loot_callingcard_girlpower_master_fire3
CallingCards_loot_GirlPower,uie_t7_loot_callingcard_girlpower_master_girl
CallingCards_loot_GirlPower,uie_t7_loot_callingcard_girlpower_master_girl2
CallingCards_loot_GirlPower,uie_t7_loot_callingcard_girlpower_master_wiz
CallingCards_loot_GirlPower,uie_t7_loot_callingcard_girlpower_master_wiz2
CallingCards_loot_Manga,uie_t7_loot_callingcard_manga_flying_kick_master_bg1
CallingCards_loot_Manga,uie_t7_loot_callingcard_manga_flying_kick_master_bg2
CallingCards_loot_Manga,uie_t7_loot_callingcard_manga_flying_kick_master_bg3
CallingCards_loot_Space,uie_t7_loot_callingcard_space_airbrush_master_bg1
CallingCards_loot_Space,uie_t7_loot_callingcard_space_airbrush_master_bg2
CallingCards_loot_Space,uie_t7_loot_callingcard_space_airbrush_master_comet1
CallingCards_loot_Space,uie_t7_loot_callingcard_space_airbrush_master_comet2
CallingCards_loot_Space,uie_t7_loot_callingcard_space_airbrush_master_comet3
CallingCards_loot_Space,uie_t7_loot_callingcard_space_airbrush_master_rock1
CallingCards_loot_Space,uie_t7_loot_callingcard_space_airbrush_master_rock2
CallingCards_loot_BO1retro,uie_t7_loot_callingcard_bo1retro_bg
CallingCards_loot_BO1retro,uie_t7_loot_callingcard_bo1retro_face1
CallingCards_loot_BO1retro,uie_t7_loot_callingcard_bo1retro_face2
CallingCards_loot_BO1retro,uie_t7_loot_callingcard_bo1retro_face3
CallingCards_loot_BO1retro,uie_t7_loot_callingcard_bo1retro_glow1
CallingCards_loot_BO1retro,uie_t7_loot_callingcard_bo1retro_glow2
CallingCards_loot_BO1retro,uie_t7_loot_callingcard_bo1retro_glow3
CallingCards_loot_BO1retro,uie_t7_loot_callingcard_bo1retro_mid
CallingCards_loot_BO1retro,uie_t7_loot_callingcard_bo1retro_static1
CallingCards_loot_BO1retro,uie_t7_loot_callingcard_bo1retro_static2
CallingCards_loot_BO1retro,uie_t7_loot_callingcard_bo1retro_static3
CallingCards_loot_BO2retro,uie_t7_loot_callingcard_bo2retro_bg
CallingCards_loot_BO2retro,uie_t7_loot_callingcard_bo2retro_bullets
CallingCards_loot_BO2retro,uie_t7_loot_callingcard_bo2retro_droneflipbook
CallingCards_loot_BO2retro,uie_t7_loot_callingcard_bo2retro_flame1
CallingCards_loot_BO2retro,uie_t7_loot_callingcard_bo2retro_flame2
CallingCards_loot_BO2retro,uie_t7_loot_callingcard_bo2retro_flame3
CallingCards_loot_BO2retro,uie_t7_loot_callingcard_bo2retro_flame4
CallingCards_loot_BO2retro,uie_t7_loot_callingcard_bo2retro_flame5
CallingCards_loot_BO2retro,uie_t7_loot_callingcard_bo2retro_flame6
CallingCards_loot_BO2retro,uie_t7_loot_callingcard_bo2retro_flash
CallingCards_loot_WAWretro,uie_t7_loot_callingcard_wawretro_eye1
CallingCards_loot_WAWretro,uie_t7_loot_callingcard_wawretro_eye2
CallingCards_loot_WAWretro,uie_t7_loot_callingcard_wawretro_eye3
CallingCards_loot_WAWretro,uie_t7_loot_callingcard_wawretro_leaf1
CallingCards_loot_WAWretro,uie_t7_loot_callingcard_wawretro_mid
CallingCards_loot_WAWretro,uie_t7_loot_callingcard_wawretro_smoke
CallingCards_ArenaMasterVetWidget,uie_t7_callingcard_arena_vet_master_bg_flipbook
CallingCards_ArenaMasterVetWidget,uie_t7_callingcard_arena_vet_master_ember
CallingCards_ArenaMasterVetWidget,uie_t7_callingcard_arena_vet_master_flare1
CallingCards_ArenaMasterVetWidget,uie_t7_callingcard_arena_vet_master_flare2
CallingCards_ArenaMasterVetWidget,uie_t7_callingcard_arena_vet_master_flare3
CallingCards_CartoonZombiesWidget,uie_t7_callingcard_cartoonzombies_base
CallingCards_CartoonZombiesWidget,uie_t7_callingcard_cartoonzombies_faceglow
CallingCards_CartoonZombiesWidget,uie_t7_callingcard_cartoonzombies_firefly_flipbook
CallingCards_CartoonZombiesWidget,uie_t7_callingcard_cartoonzombies_fireflyblur
CallingCards_CartoonZombiesWidget,uie_t7_callingcard_cartoonzombies_fireflyglow
CallingCards_CartoonZombiesWidget,uie_t7_callingcard_cartoonzombies_fireflygroup
CallingCards_CartoonZombiesWidget,uie_t7_callingcard_goldframe
CallingCard_loot_blacklightposters,uie_t7_loot_callingcard_blacklightposters_bg
CallingCard_loot_blacklightposters,uie_t7_loot_callingcard_blacklightposters_cloud_flipbook
CallingCard_loot_deadlyanimals,uie_t7_callingcard_goldframe
CallingCard_loot_deadlyanimals,uie_t7_loot_callingcard_deadlyanimals_07_bg
CallingCard_loot_deadlyanimals,uie_t7_loot_callingcard_deadlyanimals_07_fg
CallingCard_loot_deadlyanimals,uie_t7_loot_callingcard_deadlyanimals_flipbook
CallingCard_loot_kaboom,uie_t7_loot_callingcard_retro_kaboom_bg
CallingCard_loot_kaboom,uie_t7_loot_callingcard_retro_kaboom_bomb
CallingCard_loot_kaboom,uie_t7_loot_callingcard_retro_kaboom_boom1
CallingCard_loot_kaboom,uie_t7_loot_callingcard_retro_kaboom_boom2
CallingCard_loot_kaboom,uie_t7_loot_callingcard_retro_kaboom_boom3
CallingCard_loot_kaboom,uie_t7_loot_callingcard_retro_kaboom_dude
CallingCard_loot_kaboom,uie_t7_loot_callingcard_retro_kaboom_frame
CallingCard_loot_kaboom,uie_t7_loot_callingcard_retro_kaboom_stars
CallingCards_code_ground,uie_t7_callingcards_ground_dudeleft
CallingCards_code_sea,uie_t7_callingcards_sea_diver4
CallingCard_loot_7deadlysins,uie_t7_callingcard_goldframe
CallingCard_loot_7deadlysins,uie_t7_loot_callingcard_7deadlysins_bg1
CallingCard_loot_7deadlysins,uie_t7_loot_callingcard_7deadlysins_face1
CallingCard_loot_7deadlysins,uie_t7_loot_callingcard_7deadlysins_face2
CallingCard_loot_7deadlysins,uie_t7_loot_callingcard_7deadlysins_face3
CallingCard_loot_7deadlysins,uie_t7_loot_callingcard_7deadlysins_smoke1a
CallingCard_loot_7deadlysins,uie_t7_loot_callingcard_7deadlysins_smoke1b
CallingCard_loot_7deadlysins,uie_t7_loot_callingcard_7deadlysins_smoke1c
CallingCard_loot_7deadlysins,uie_t7_loot_callingcard_7deadlysins_smoke2a
CallingCard_loot_7deadlysins,uie_t7_loot_callingcard_7deadlysins_smoke2b
CallingCard_loot_7deadlysins,uie_t7_loot_callingcard_7deadlysins_smoke2c
CallingCard_loot_7deadlysins,uie_t7_loot_callingcard_7deadlysins_smoke3a
CallingCard_loot_7deadlysins,uie_t7_loot_callingcard_7deadlysins_smoke3b
CallingCard_loot_7deadlysins,uie_t7_loot_callingcard_7deadlysins_smoke3c
CallingCard_loot_7deadlysins,uie_t7_loot_callingcard_7deadlysins_smoke4a
CallingCard_loot_7deadlysins,uie_t7_loot_callingcard_7deadlysins_smoke4b
CallingCard_loot_7deadlysins,uie_t7_loot_callingcard_7deadlysins_smoke4c
CallingCard_loot_skateboard,uie_t7_loot_callingcard_skateboard_1_eyeball
CallingCard_loot_skateboard,uie_t7_loot_callingcard_skateboard_1_iris
CallingCard_loot_skateboard,uie_t7_loot_callingcard_skateboard_2_eyeball
CallingCard_loot_skateboard,uie_t7_loot_callingcard_skateboard_2_iris
CallingCard_loot_skateboard,uie_t7_loot_callingcard_skateboard_3_eyeball
CallingCard_loot_skateboard,uie_t7_loot_callingcard_skateboard_3_iris
CallingCard_loot_skateboard,uie_t7_loot_callingcard_skateboard_4_eyeball
CallingCard_loot_skateboard,uie_t7_loot_callingcard_skateboard_4_iris
CallingCard_loot_skateboard,uie_t7_loot_callingcard_skateboard_5_eyeball
CallingCard_loot_skateboard,uie_t7_loot_callingcard_skateboard_5_iris
CallingCard_loot_skateboard,uie_t7_loot_callingcard_skateboard_board
CallingCard_loot_skateboard,uie_t7_loot_callingcard_skateboard_reflection
CallingCard_loot_bling,uie_lt_callingcard_bling_gun1
CallingCard_loot_bling,uie_t7_callingcard_goldframe
CallingCard_loot_wizard,uie_callingcards_cwl_ember2b
CallingCard_loot_wizard,uie_t7_loot_callingcard_wizards_ball1
CallingCard_loot_wizard,uie_t7_loot_callingcard_wizards_bg
CallingCard_loot_wizard,uie_t7_loot_callingcard_wizards_bg2
CallingCard_loot_wizard,uie_t7_loot_callingcard_wizards_eyes
CallingCard_loot_wizard,uie_t7_loot_callingcard_wizards_glow
CallingCard_loot_wizard,uie_t7_loot_callingcard_wizards_glowball
CallingCard_loot_codxp,uie_callingcards_cwl_ember2
CallingCard_loot_codxp,uie_callingcards_cwl_ember2b
CallingCards_cwl_apotheon,uie_callingcards_cwl_apotheon
CallingCards_cwl_apotheon,uie_callingcards_cwl_ember2
CallingCards_cwl_apotheon,uie_callingcards_cwl_ember2b
CallingCards_cwl_apotheon,uie_callingcards_cwl_red_01
CallingCards_cwl_apotheon,uie_callingcards_cwl_red_02c
CallingCards_cwl_apotheon,uie_callingcards_cwl_red_bg0b
CallingCards_cwl_apotheon,uie_callingcards_cwl_red_bg0c
CallingCards_cwl_apotheon,uie_callingcards_cwl_worldmap
CallingCards_cwl_apotheon,uie_callingcards_cwl_worldmap_mask
CallingCards_cwl_chiefs,uie_callingcards_cwl_bluedrk_01
CallingCards_cwl_chiefs,uie_callingcards_cwl_bluedrk_02c
CallingCards_cwl_chiefs,uie_callingcards_cwl_bluedrk_bg0b
CallingCards_cwl_chiefs,uie_callingcards_cwl_bluedrk_bg0c
CallingCards_cwl_chiefs,uie_callingcards_cwl_chiefs
CallingCards_cwl_chiefs,uie_callingcards_cwl_ember2
CallingCards_cwl_chiefs,uie_callingcards_cwl_ember2b
CallingCards_cwl_chiefs,uie_callingcards_cwl_worldmap
CallingCards_cwl_chiefs,uie_callingcards_cwl_worldmap_mask
CallingCards_cwl_excellence,uie_callingcards_cwl_ember2
CallingCards_cwl_excellence,uie_callingcards_cwl_ember2b
CallingCards_cwl_excellence,uie_callingcards_cwl_excellence
CallingCards_cwl_excellence,uie_callingcards_cwl_gold_01
CallingCards_cwl_excellence,uie_callingcards_cwl_gold_02c
CallingCards_cwl_excellence,uie_callingcards_cwl_gold_bg0b
CallingCards_cwl_excellence,uie_callingcards_cwl_gold_bg0c
CallingCards_cwl_excellence,uie_callingcards_cwl_worldmap
CallingCards_cwl_excellence,uie_callingcards_cwl_worldmap_mask
CallingCards_cwl_immunity,uie_callingcards_cwl_ember2
CallingCards_cwl_immunity,uie_callingcards_cwl_ember2b
CallingCards_cwl_immunity,uie_callingcards_cwl_immunity
CallingCards_cwl_immunity,uie_callingcards_cwl_white_01
CallingCards_cwl_immunity,uie_callingcards_cwl_white_02c
CallingCards_cwl_immunity,uie_callingcards_cwl_white_bg0b
CallingCards_cwl_immunity,uie_callingcards_cwl_white_bg0c
CallingCards_cwl_immunity,uie_callingcards_cwl_worldmap
CallingCards_cwl_immunity,uie_callingcards_cwl_worldmap_mask
CallingCards_cwl_mindfreak,uie_callingcards_cwl_blue_01
CallingCards_cwl_mindfreak,uie_callingcards_cwl_blue_02c
CallingCards_cwl_mindfreak,uie_callingcards_cwl_blue_bg0b
CallingCards_cwl_mindfreak,uie_callingcards_cwl_blue_bg0c
CallingCards_cwl_mindfreak,uie_callingcards_cwl_ember2
CallingCards_cwl_mindfreak,uie_callingcards_cwl_ember2b
CallingCards_cwl_mindfreak,uie_callingcards_cwl_mindfreak
CallingCards_cwl_mindfreak,uie_callingcards_cwl_worldmap
CallingCards_cwl_mindfreak,uie_callingcards_cwl_worldmap_mask
CallingCards_cwl_nv,uie_callingcards_cwl_ember2
CallingCards_cwl_nv,uie_callingcards_cwl_ember2b
CallingCards_cwl_nv,uie_callingcards_cwl_nv
CallingCards_cwl_nv,uie_callingcards_cwl_red_01
CallingCards_cwl_nv,uie_callingcards_cwl_red_02c
CallingCards_cwl_nv,uie_callingcards_cwl_red_bg0b
CallingCards_cwl_nv,uie_callingcards_cwl_red_bg0c
CallingCards_cwl_nv,uie_callingcards_cwl_worldmap
CallingCards_cwl_nv,uie_callingcards_cwl_worldmap_mask
CallingCards_cwl_orbit,uie_callingcards_cwl_bluedrk_01
CallingCards_cwl_orbit,uie_callingcards_cwl_bluedrk_02c
CallingCards_cwl_orbit,uie_callingcards_cwl_bluedrk_bg0b
CallingCards_cwl_orbit,uie_callingcards_cwl_bluedrk_bg0c
CallingCards_cwl_orbit,uie_callingcards_cwl_ember2
CallingCards_cwl_orbit,uie_callingcards_cwl_ember2b
CallingCards_cwl_orbit,uie_callingcards_cwl_orbit
CallingCards_cwl_orbit,uie_callingcards_cwl_worldmap
CallingCards_cwl_orbit,uie_callingcards_cwl_worldmap_mask
CallingCards_cwl_taintedminds,uie_callingcards_cwl_ember2
CallingCards_cwl_taintedminds,uie_callingcards_cwl_ember2b
CallingCards_cwl_taintedminds,uie_callingcards_cwl_green_01
CallingCards_cwl_taintedminds,uie_callingcards_cwl_green_02c
CallingCards_cwl_taintedminds,uie_callingcards_cwl_green_bg0b
CallingCards_cwl_taintedminds,uie_callingcards_cwl_green_bg0c
CallingCards_cwl_taintedminds,uie_callingcards_cwl_taintedminds
CallingCards_cwl_taintedminds,uie_callingcards_cwl_worldmap
CallingCards_cwl_taintedminds,uie_callingcards_cwl_worldmap_mask
CallingCards_cwl_epsilon,uie_callingcards_cwl_bluedrk_01
CallingCards_cwl_epsilon,uie_callingcards_cwl_bluedrk_02c
CallingCards_cwl_epsilon,uie_callingcards_cwl_bluedrk_bg0b
CallingCards_cwl_epsilon,uie_callingcards_cwl_bluedrk_bg0c
CallingCards_cwl_epsilon,uie_callingcards_cwl_ember2
CallingCards_cwl_epsilon,uie_callingcards_cwl_ember2b
CallingCards_cwl_epsilon,uie_callingcards_cwl_epsilon
CallingCards_cwl_epsilon,uie_callingcards_cwl_worldmap
CallingCards_cwl_epsilon,uie_callingcards_cwl_worldmap_mask
CallingCards_cwl_exertus,uie_callingcards_cwl_ember2
CallingCards_cwl_exertus,uie_callingcards_cwl_ember2b
CallingCards_cwl_exertus,uie_callingcards_cwl_exertus
CallingCards_cwl_exertus,uie_callingcards_cwl_red_01
CallingCards_cwl_exertus,uie_callingcards_cwl_red_02c
CallingCards_cwl_exertus,uie_callingcards_cwl_red_bg0b
CallingCards_cwl_exertus,uie_callingcards_cwl_red_bg0c
CallingCards_cwl_exertus,uie_callingcards_cwl_worldmap
CallingCards_cwl_exertus,uie_callingcards_cwl_worldmap_mask
CallingCards_cwl_giants,uie_callingcards_cwl_blue_01
CallingCards_cwl_giants,uie_callingcards_cwl_blue_02c
CallingCards_cwl_giants,uie_callingcards_cwl_blue_bg0b
CallingCards_cwl_giants,uie_callingcards_cwl_blue_bg0c
CallingCards_cwl_giants,uie_callingcards_cwl_ember2
CallingCards_cwl_giants,uie_callingcards_cwl_ember2b
CallingCards_cwl_giants,uie_callingcards_cwl_giants
CallingCards_cwl_giants,uie_callingcards_cwl_worldmap
CallingCards_cwl_giants,uie_callingcards_cwl_worldmap_mask
CallingCards_cwl_hypergames,uie_callingcards_cwl_blue_01
CallingCards_cwl_hypergames,uie_callingcards_cwl_blue_02c
CallingCards_cwl_hypergames,uie_callingcards_cwl_blue_bg0b
CallingCards_cwl_hypergames,uie_callingcards_cwl_blue_bg0c
CallingCards_cwl_hypergames,uie_callingcards_cwl_ember2
CallingCards_cwl_hypergames,uie_callingcards_cwl_ember2b
CallingCards_cwl_hypergames,uie_callingcards_cwl_hypergames
CallingCards_cwl_hypergames,uie_callingcards_cwl_worldmap
CallingCards_cwl_hypergames,uie_callingcards_cwl_worldmap_mask
CallingCards_cwl_infused,uie_callingcards_cwl_ember2
CallingCards_cwl_infused,uie_callingcards_cwl_ember2b
CallingCards_cwl_infused,uie_callingcards_cwl_infused
CallingCards_cwl_infused,uie_callingcards_cwl_red_01
CallingCards_cwl_infused,uie_callingcards_cwl_red_02c
CallingCards_cwl_infused,uie_callingcards_cwl_red_bg0b
CallingCards_cwl_infused,uie_callingcards_cwl_red_bg0c
CallingCards_cwl_infused,uie_callingcards_cwl_worldmap
CallingCards_cwl_infused,uie_callingcards_cwl_worldmap_mask
CallingCards_cwl_ldlc,uie_callingcards_cwl_blue_01
CallingCards_cwl_ldlc,uie_callingcards_cwl_blue_02c
CallingCards_cwl_ldlc,uie_callingcards_cwl_blue_bg0b
CallingCards_cwl_ldlc,uie_callingcards_cwl_blue_bg0c
CallingCards_cwl_ldlc,uie_callingcards_cwl_ember2
CallingCards_cwl_ldlc,uie_callingcards_cwl_ember2b
CallingCards_cwl_ldlc,uie_callingcards_cwl_ldlc
CallingCards_cwl_ldlc,uie_callingcards_cwl_worldmap
CallingCards_cwl_ldlc,uie_callingcards_cwl_worldmap_mask
CallingCards_cwl_millenium,uie_callingcards_cwl_ember2
CallingCards_cwl_millenium,uie_callingcards_cwl_ember2b
CallingCards_cwl_millenium,uie_callingcards_cwl_millenium
CallingCards_cwl_millenium,uie_callingcards_cwl_purple_01
CallingCards_cwl_millenium,uie_callingcards_cwl_purple_02c
CallingCards_cwl_millenium,uie_callingcards_cwl_purple_bg0b
CallingCards_cwl_millenium,uie_callingcards_cwl_purple_bg0c
CallingCards_cwl_millenium,uie_callingcards_cwl_worldmap
CallingCards_cwl_millenium,uie_callingcards_cwl_worldmap_mask
CallingCards_cwl_splyce,uie_callingcards_cwl_ember2
CallingCards_cwl_splyce,uie_callingcards_cwl_ember2b
CallingCards_cwl_splyce,uie_callingcards_cwl_gold_01
CallingCards_cwl_splyce,uie_callingcards_cwl_gold_02c
CallingCards_cwl_splyce,uie_callingcards_cwl_gold_bg0b
CallingCards_cwl_splyce,uie_callingcards_cwl_gold_bg0c
CallingCards_cwl_splyce,uie_callingcards_cwl_splyce
CallingCards_cwl_splyce,uie_callingcards_cwl_worldmap
CallingCards_cwl_splyce,uie_callingcards_cwl_worldmap_mask
CallingCards_cwl_supremacy,uie_callingcards_cwl_ember2
CallingCards_cwl_supremacy,uie_callingcards_cwl_ember2b
CallingCards_cwl_supremacy,uie_callingcards_cwl_red_01
CallingCards_cwl_supremacy,uie_callingcards_cwl_red_02c
CallingCards_cwl_supremacy,uie_callingcards_cwl_red_bg0b
CallingCards_cwl_supremacy,uie_callingcards_cwl_red_bg0c
CallingCards_cwl_supremacy,uie_callingcards_cwl_supremacy
CallingCards_cwl_supremacy,uie_callingcards_cwl_worldmap
CallingCards_cwl_supremacy,uie_callingcards_cwl_worldmap_mask
CallingCards_cwl_vitality,uie_callingcards_cwl_ember2
CallingCards_cwl_vitality,uie_callingcards_cwl_ember2b
CallingCards_cwl_vitality,uie_callingcards_cwl_gold_01
CallingCards_cwl_vitality,uie_callingcards_cwl_gold_02c
CallingCards_cwl_vitality,uie_callingcards_cwl_gold_bg0b
CallingCards_cwl_vitality,uie_callingcards_cwl_gold_bg0c
CallingCards_cwl_vitality,uie_callingcards_cwl_vitality
CallingCards_cwl_vitality,uie_callingcards_cwl_worldmap
CallingCards_cwl_vitality,uie_callingcards_cwl_worldmap_mask
CallingCards_cwl_cloud9,uie_callingcards_cwl_bluedrk_01
CallingCards_cwl_cloud9,uie_callingcards_cwl_bluedrk_02c
CallingCards_cwl_cloud9,uie_callingcards_cwl_bluedrk_bg0b
CallingCards_cwl_cloud9,uie_callingcards_cwl_bluedrk_bg0c
CallingCards_cwl_cloud9,uie_callingcards_cwl_cloud9
CallingCards_cwl_cloud9,uie_callingcards_cwl_ember2
CallingCards_cwl_cloud9,uie_callingcards_cwl_ember2b
CallingCards_cwl_cloud9,uie_callingcards_cwl_worldmap
CallingCards_cwl_cloud9,uie_callingcards_cwl_worldmap_mask
CallingCards_cwl_complexity,uie_callingcards_cwl_complexity
CallingCards_cwl_complexity,uie_callingcards_cwl_ember2
CallingCards_cwl_complexity,uie_callingcards_cwl_ember2b
CallingCards_cwl_complexity,uie_callingcards_cwl_red_01
CallingCards_cwl_complexity,uie_callingcards_cwl_red_02c
CallingCards_cwl_complexity,uie_callingcards_cwl_red_bg0b
CallingCards_cwl_complexity,uie_callingcards_cwl_red_bg0c
CallingCards_cwl_complexity,uie_callingcards_cwl_worldmap
CallingCards_cwl_complexity,uie_callingcards_cwl_worldmap_mask
CallingCards_cwl_elevate,uie_callingcards_cwl_elevate
CallingCards_cwl_elevate,uie_callingcards_cwl_ember2
CallingCards_cwl_elevate,uie_callingcards_cwl_ember2b
CallingCards_cwl_elevate,uie_callingcards_cwl_red_01
CallingCards_cwl_elevate,uie_callingcards_cwl_red_02c
CallingCards_cwl_elevate,uie_callingcards_cwl_red_bg0b
CallingCards_cwl_elevate,uie_callingcards_cwl_red_bg0c
CallingCards_cwl_elevate,uie_callingcards_cwl_worldmap
CallingCards_cwl_elevate,uie_callingcards_cwl_worldmap_mask
CallingCards_cwl_envyus,uie_callingcards_cwl_blue_01
CallingCards_cwl_envyus,uie_callingcards_cwl_blue_02c
CallingCards_cwl_envyus,uie_callingcards_cwl_blue_bg0b
CallingCards_cwl_envyus,uie_callingcards_cwl_blue_bg0c
CallingCards_cwl_envyus,uie_callingcards_cwl_ember2
CallingCards_cwl_envyus,uie_callingcards_cwl_ember2b
CallingCards_cwl_envyus,uie_callingcards_cwl_envyus
CallingCards_cwl_envyus,uie_callingcards_cwl_worldmap
CallingCards_cwl_envyus,uie_callingcards_cwl_worldmap_mask
CallingCards_cwl_fazeclan,uie_callingcards_cwl_ember2
CallingCards_cwl_fazeclan,uie_callingcards_cwl_ember2b
CallingCards_cwl_fazeclan,uie_callingcards_cwl_fazeclan
CallingCards_cwl_fazeclan,uie_callingcards_cwl_red_01
CallingCards_cwl_fazeclan,uie_callingcards_cwl_red_02c
CallingCards_cwl_fazeclan,uie_callingcards_cwl_red_bg0b
CallingCards_cwl_fazeclan,uie_callingcards_cwl_red_bg0c
CallingCards_cwl_fazeclan,uie_callingcards_cwl_worldmap
CallingCards_cwl_fazeclan,uie_callingcards_cwl_worldmap_mask
CallingCards_cwl_h2k,uie_callingcards_cwl_blue_01
CallingCards_cwl_h2k,uie_callingcards_cwl_blue_02c
CallingCards_cwl_h2k,uie_callingcards_cwl_blue_bg0b
CallingCards_cwl_h2k,uie_callingcards_cwl_blue_bg0c
CallingCards_cwl_h2k,uie_callingcards_cwl_ember2
CallingCards_cwl_h2k,uie_callingcards_cwl_ember2b
CallingCards_cwl_h2k,uie_callingcards_cwl_h2k
CallingCards_cwl_h2k,uie_callingcards_cwl_worldmap
CallingCards_cwl_h2k,uie_callingcards_cwl_worldmap_mask
CallingCards_cwl_luminosity,uie_callingcards_cwl_blue_01
CallingCards_cwl_luminosity,uie_callingcards_cwl_blue_02c
CallingCards_cwl_luminosity,uie_callingcards_cwl_blue_bg0b
CallingCards_cwl_luminosity,uie_callingcards_cwl_blue_bg0c
CallingCards_cwl_luminosity,uie_callingcards_cwl_ember2
CallingCards_cwl_luminosity,uie_callingcards_cwl_ember2b
CallingCards_cwl_luminosity,uie_callingcards_cwl_luminosity
CallingCards_cwl_luminosity,uie_callingcards_cwl_worldmap
CallingCards_cwl_luminosity,uie_callingcards_cwl_worldmap_mask
CallingCards_cwl_opticgaming,uie_callingcards_cwl_ember2
CallingCards_cwl_opticgaming,uie_callingcards_cwl_ember2b
CallingCards_cwl_opticgaming,uie_callingcards_cwl_green_01
CallingCards_cwl_opticgaming,uie_callingcards_cwl_green_02
CallingCards_cwl_opticgaming,uie_callingcards_cwl_green_02b
CallingCards_cwl_opticgaming,uie_callingcards_cwl_green_02c
CallingCards_cwl_opticgaming,uie_callingcards_cwl_opticgaming
CallingCards_cwl_opticgaming,uie_callingcards_cwl_worldmap
CallingCards_cwl_opticgaming,uie_callingcards_cwl_worldmap_mask
CallingCards_cwl_risenation,uie_callingcards_cwl_ember2
CallingCards_cwl_risenation,uie_callingcards_cwl_ember2b
CallingCards_cwl_risenation,uie_callingcards_cwl_red_01
CallingCards_cwl_risenation,uie_callingcards_cwl_red_02c
CallingCards_cwl_risenation,uie_callingcards_cwl_red_bg0b
CallingCards_cwl_risenation,uie_callingcards_cwl_red_bg0c
CallingCards_cwl_risenation,uie_callingcards_cwl_risenation
CallingCards_cwl_risenation,uie_callingcards_cwl_worldmap
CallingCards_cwl_risenation,uie_callingcards_cwl_worldmap_mask
CallingCards_cwl_default,uie_callingcards_cwl_ember2
CallingCards_cwl_default,uie_callingcards_cwl_ember2b
CallingCards_cwl_default,uie_t7_callingcards_cwl_default_bg
CallingCards_cwl_default,uie_t7_callingcards_cwl_default_bg2
CallingCards_cwl_default,uie_t7_callingcards_cwl_default_bg3
CallingCards_cwl_default,uie_t7_callingcards_cwl_default_glow1
CallingCards_cwl_default,uie_t7_callingcards_cwl_default_glow2
CallingCards_cwl_default,uie_t7_callingcards_cwl_default_logo
CallingCards_CodChamps_Champion,uie_t7_callingcards_champion_light4
CallingCards_Specialist8bit,uie_t7_callingcard_mp_specialist8bit_arm
CallingCards_Specialist8bit,uie_t7_callingcard_mp_specialist8bit_bg
CallingCards_Specialist8bit,uie_t7_callingcard_mp_specialist8bit_bg2
CallingCards_Specialist8bit,uie_t7_callingcard_mp_specialist8bit_body
CallingCards_Specialist8bit,uie_t7_callingcard_mp_specialist8bit_bullet1
CallingCards_Specialist8bit,uie_t7_callingcard_mp_specialist8bit_bullet2
CallingCards_Specialist8bit,uie_t7_callingcard_mp_specialist8bit_bullet3
CallingCards_Specialist8bit,uie_t7_callingcard_mp_specialist8bit_bullet4
CallingCards_Specialist8bit,uie_t7_callingcard_mp_specialist8bit_eyes
CallingCards_Specialist8bit,uie_t7_callingcard_mp_specialist8bit_sparks
CallingCards_loot_zeus,uie_callingcards_cwl_ember2b
CallingCards_loot_zeus,uie_t7_callingcard_mp_zeus_bg1
CallingCards_loot_zeus,uie_t7_callingcard_mp_zeus_bg2
CallingCards_loot_zeus,uie_t7_callingcard_mp_zeus_body1
CallingCards_loot_zeus,uie_t7_callingcard_mp_zeus_body2
CallingCards_loot_zeus,uie_t7_callingcard_mp_zeus_body_light
CallingCards_loot_zeus,uie_t7_callingcard_mp_zeus_fire1
CallingCards_loot_zeus,uie_t7_callingcard_mp_zeus_fire2
CallingCards_loot_zeus,uie_t7_callingcard_mp_zeus_fire_flipbook
CallingCards_loot_zeus,uie_t7_callingcard_mp_zeus_rays
CallingCards_loot_zeus,uie_t7_callingcard_mp_zeus_rays2
CallingCards_loot_zeus,uie_t7_callingcard_mp_zeus_smoke
CallingCards_ZM_Samantha,uie_t7_callingcard_zm_samantha_bg
CallingCards_ZM_Samantha,uie_t7_callingcard_zm_samantha_bg_glow
CallingCards_ZM_Samantha,uie_t7_callingcard_zm_samantha_bunny
CallingCards_ZM_Samantha,uie_t7_callingcard_zm_samantha_chair
CallingCards_ZM_Samantha,uie_t7_callingcard_zm_samantha_cloud
CallingCards_ZM_Samantha,uie_t7_callingcard_zm_samantha_elephant
CallingCards_ZM_Samantha,uie_t7_callingcard_zm_samantha_house
CallingCards_ZM_Samantha,uie_t7_callingcard_zm_samantha_house_lit
CallingCards_ZM_Samantha,uie_t7_callingcard_zm_samantha_monkey
CallingCards_ZM_Samantha,uie_t7_callingcard_zm_samantha_rocks1
CallingCards_ZM_Samantha,uie_t7_callingcard_zm_samantha_rocks2
CallingCards_ZM_Samantha,uie_t7_callingcard_zm_samantha_rocks3
CallingCards_ZM_Samantha,uie_t7_callingcard_zm_samantha_stars
CallingCards_ZM_Heroes,uie_callingcards_cwl_ember2
CallingCards_ZM_Heroes,uie_callingcards_cwl_ember2b
CallingCards_ZM_Heroes,uie_t7_callingcard_zm_heroes
CallingCards_ZM_Heroes,uie_t7_callingcard_zm_heroes_bg
CallingCards_ZM_Heroes,uie_t7_callingcard_zm_heroes_cloud_tile
CallingCards_ZM_Heroes,uie_t7_callingcard_zm_heroes_crowd1
CallingCards_ZM_Heroes,uie_t7_callingcard_zm_heroes_crowd2
CallingCards_ZM_Heroes,uie_t7_callingcard_zm_heroes_crowd3
CallingCards_ZM_Heroes,uie_t7_callingcard_zm_heroes_crowd4
CallingCards_ZM_Heroes,uie_t7_callingcard_zm_heroes_flash
CallingCards_ZM_Heroes,uie_t7_callingcard_zm_heroes_flash2
CallingCards_ZM_Heroes,uie_t7_callingcard_zm_heroes_flipbook
CallingCards_loot_hotrod,uie_t7_callingcard_mp_hotrod_bg
CallingCards_loot_hotrod,uie_t7_callingcard_mp_hotrod_car
CallingCards_loot_hotrod,uie_t7_callingcard_mp_hotrod_car_sheen
CallingCards_loot_hotrod,uie_t7_callingcard_mp_hotrod_devil
CallingCards_loot_hotrod,uie_t7_callingcard_mp_hotrod_devil_hand
CallingCards_loot_hotrod,uie_t7_callingcard_mp_hotrod_flipbook
CallingCards_loot_hotrod,uie_t7_callingcard_mp_hotrod_seat
CallingCards_loot_hotrod,uie_t7_callingcard_mp_hotrod_seat_sheen
CallingCards_loot_hotrod,uie_t7_callingcard_mp_hotrod_smoke
CallingCards_loot_hotrod,uie_t7_callingcard_mp_hotrod_smoke_small
CallingCards_loot_hotrod,uie_t7_callingcard_mp_hotrod_tilescroll
a0,b1
